Method,t-statistic,p-value
Lemmatization,2.302076644769072,0.041232075714337166
Lemma Concatenation,1.4752715731459751,0.1676552475907365
Byte Pair Encoding,1.0634503474963146,0.3129388446580087
