Model Type,Train Accuracy Mean,Train Accuracy Standard Deviation,Test Accuracy Mean,Test Accuracy Standard Deviation,Apology Accuracy Mean,Apology Accuracy Standard Deviation
Plaintext,0.9214562058448792,0.014131076172256464,0.844440621137619,0.009714139979921415,0.5552380889654159,0.05879670160941254
Lemmatization,0.9306746900081635,0.014540323082617235,0.8801598727703095,0.006222315892382908,0.6032380878925323,0.02134777914095585
Lemma Concatenation,0.9404535531997681,0.008346345635313085,0.8742182493209839,0.005225836690022158,0.5859047532081604,0.0207819974357456
Byte Pair Encoding,0.9203484237194062,0.0036331586981626423,0.8861014902591705,0.0028219478150753423,0.5765714108943939,0.01283560486137257
