Method,t-statistic,p-value
Lemmatization,-5.36468467519039,4.245773363160004e-05
Lemma Concatenation,-2.6051752824839647,0.019730640462160203
Encoded,-11.551540039433238,1.5258657144210643e-07
