Method,t-statistic,p-value
Lemmatization,1.3639631629778481,0.1894068490785678
Lemma Concatenation,3.4726154762935537,0.0035325535245790966
Byte Pair Encoding,-0.22777228469741367,0.8243309277912504
