{"Loss/train": 1.705202919910255, "Loss/valid": 1.5536395403945331, "Accuracy/valid": 0.4229542911052704, "_runtime": 72, "_timestamp": 1614619845, "_step": 0}