{"Loss/train": 1.711557544116835, "Loss/valid": 1.5412819420249717, "Accuracy/valid": 0.4033702611923218, "_runtime": 57, "_timestamp": 1614620409, "_step": 0}