{"Loss/train": 1.7385104958293507, "Loss/valid": 1.5617811101154215, "Accuracy/valid": 0.4115682542324066, "_runtime": 71, "_timestamp": 1614620277, "_step": 0}