{"Loss/train": 1.7479331598987857, "Loss/valid": 1.5850703936178707, "Accuracy/valid": 0.3810535967350006, "_runtime": 72, "_timestamp": 1614620022, "_step": 0}